competition_structure_id,competition_structure_name,enqueued_time_utc,is_live,is_most_recent,qualification_status,ranking,statistic_type,team_id,team_name_short,value,fdh_inserttimestamp,fdh_updatetimestamp,fdh_deletetimestamp,fdh_fullrecordhash
288900,Group A,2024-10-23 01:02:23.000 Z,false,true,Eliminated,4,GoalsAgainst,1915093,New Zealand,9,2024-10-17 03:19:42.866 Z,2024-10-23 03:17:22.470 Z,,ba69e4240ad77f3fec03ba74e73b3dbe
288900,Group A,2024-10-23 01:02:23.000 Z,false,true,Eliminated,4,GoalsDifference,1915093,New Zealand,-7,2024-10-17 03:19:42.866 Z,2024-10-23 03:17:22.470 Z,,9cf4a5e8fc8f8b516a781be82752114b
288900,Group A,2024-10-23 01:02:23.000 Z,false,true,Eliminated,4,GoalsFor,1915093,New Zealand,2,2024-10-17 03:19:42.866 Z,2024-10-23 03:17:22.470 Z,,075d3a49e497193a017f95f8165872e8
288900,Group A,2024-10-23 01:02:23.000 Z,false,true,Eliminated,4,MatchesDrawn,1915093,New Zealand,1,2024-10-17 03:19:42.866 Z,2024-10-23 03:17:22.470 Z,,b782665780405906caaf8e69a20cca62
288900,Group A,2024-10-23 01:02:23.000 Z,false,true,Eliminated,4,MatchesLost,1915093,New Zealand,2,2024-10-17 03:19:42.866 Z,2024-10-23 03:17:22.470 Z,,075d3a49e497193a017f95f8165872e8
288900,Group A,2024-10-23 01:02:23.000 Z,false,true,Eliminated,4,MatchesPlayed,1915093,New Zealand,3,2024-10-17 03:19:42.866 Z,2024-10-23 03:17:22.470 Z,,2ed730a7ae33a5fd13b784b5db0f08fd
288900,Group A,2024-10-23 01:02:23.000 Z,false,true,Eliminated,4,MatchesWon,1915093,New Zealand,0,2024-10-17 03:19:42.866 Z,2024-10-23 03:17:22.470 Z,,bb8a73bab4c460f4bead933859c50633
288900,Group A,2024-10-23 01:02:23.000 Z,false,true,Eliminated,4,Points,1915093,New Zealand,1,2024-10-17 03:19:42.866 Z,2024-10-23 03:17:22.470 Z,,b782665780405906caaf8e69a20cca62
288900,Group A,2024-10-23 01:02:23.000 Z,false,true,Eliminated,4,TeamConductScore,1915093,New Zealand,-2,2024-10-17 03:19:42.866 Z,2024-10-23 03:17:22.470 Z,,c369375f7e394b8ae331970618fbcd81
288900,Group A,2024-10-23 01:02:23.000 Z,false,true,Qualified,2,GoalsAgainst,1915198,Ecuador,4,2024-10-17 03:19:42.866 Z,2024-10-23 03:17:22.470 Z,,23bbaf9733e1674b155f7dde4802dbfa
288900,Group A,2024-10-23 01:02:23.000 Z,false,true,Qualified,2,GoalsDifference,1915198,Ecuador,2,2024-10-17 03:19:42.866 Z,2024-10-23 03:17:22.470 Z,,9aa9cde42e33b2be3a50c81505d66430
288900,Group A,2024-10-23 01:02:23.000 Z,false,true,Qualified,2,GoalsFor,1915198,Ecuador,6,2024-10-17 03:19:42.866 Z,2024-10-23 03:17:22.470 Z,,7911b769a76dec0e8eed7f82996dc4c5
288900,Group A,2024-10-23 01:02:23.000 Z,false,true,Qualified,2,MatchesDrawn,1915198,Ecuador,0,2024-10-17 03:19:42.866 Z,2024-10-23 03:17:22.470 Z,,3b6efad6bda264863dbda1bd4077d051
288900,Group A,2024-10-23 01:02:23.000 Z,false,true,Qualified,2,MatchesLost,1915198,Ecuador,1,2024-10-17 03:19:42.866 Z,2024-10-23 03:17:22.470 Z,,d49fde11ba21ba50c94ea88733c708dd
288900,Group A,2024-10-23 01:02:23.000 Z,false,true,Qualified,2,MatchesPlayed,1915198,Ecuador,3,2024-10-17 03:19:42.866 Z,2024-10-23 03:17:22.470 Z,,f068e5d2da9c89f50e45d047cfd1fb2d
288900,Group A,2024-10-23 01:02:23.000 Z,false,true,Qualified,2,MatchesWon,1915198,Ecuador,2,2024-10-17 03:19:42.866 Z,2024-10-23 03:17:22.470 Z,,9aa9cde42e33b2be3a50c81505d66430
288900,Group A,2024-10-23 01:02:23.000 Z,false,true,Qualified,2,Points,1915198,Ecuador,6,2024-10-17 03:19:42.866 Z,2024-10-23 03:17:22.470 Z,,7911b769a76dec0e8eed7f82996dc4c5
288900,Group A,2024-10-23 01:02:23.000 Z,false,true,Qualified,2,TeamConductScore,1915198,Ecuador,-2,2024-10-17 03:19:42.866 Z,2024-10-23 03:17:22.470 Z,,c534588b3bf6e18e7fbcec61a5b2b107
288900,Group A,2024-10-23 01:02:23.000 Z,false,true,Qualified,1,GoalsAgainst,1915218,Nigeria,1,2024-10-17 03:19:42.866 Z,2024-10-23 03:17:22.470 Z,,e5f69319111b4e0040ab45460a1301e1
288900,Group A,2024-10-23 01:02:23.000 Z,false,true,Qualified,1,GoalsDifference,1915218,Nigeria,8,2024-10-17 03:19:42.866 Z,2024-10-23 03:17:22.470 Z,,717492356f14fcfadb545b7705970abc
288900,Group A,2024-10-23 01:02:23.000 Z,false,true,Qualified,1,GoalsFor,1915218,Nigeria,9,2024-10-17 03:19:42.866 Z,2024-10-23 03:17:22.470 Z,,f3b43f81519f628c7708c5e44c46debb
288900,Group A,2024-10-23 01:02:23.000 Z,false,true,Qualified,1,MatchesDrawn,1915218,Nigeria,0,2024-10-17 03:19:42.866 Z,2024-10-23 03:17:22.470 Z,,d493c0490fc4cb54e0c5ca71730bdc6d
288900,Group A,2024-10-23 01:02:23.000 Z,false,true,Qualified,1,MatchesLost,1915218,Nigeria,0,2024-10-17 03:19:42.866 Z,2024-10-23 03:17:22.470 Z,,d493c0490fc4cb54e0c5ca71730bdc6d
288900,Group A,2024-10-23 01:02:23.000 Z,false,true,Qualified,1,MatchesPlayed,1915218,Nigeria,3,2024-10-17 03:19:42.866 Z,2024-10-23 03:17:22.470 Z,,a5ce2bba54af59ecd3bd4f5e88a4e008
288900,Group A,2024-10-23 01:02:23.000 Z,false,true,Qualified,1,MatchesWon,1915218,Nigeria,3,2024-10-17 03:19:42.866 Z,2024-10-23 03:17:22.470 Z,,a5ce2bba54af59ecd3bd4f5e88a4e008
288900,Group A,2024-10-23 01:02:23.000 Z,false,true,Qualified,1,Points,1915218,Nigeria,9,2024-10-17 03:19:42.866 Z,2024-10-23 03:17:22.470 Z,,f3b43f81519f628c7708c5e44c46debb
288900,Group A,2024-10-23 01:02:23.000 Z,false,true,Qualified,1,TeamConductScore,1915218,Nigeria,-1,2024-10-17 03:19:42.866 Z,2024-10-23 03:17:22.470 Z,,a8998a58a2c70635b705c5a1e59d7431
288900,Group A,2024-10-23 01:02:23.000 Z,false,true,Eliminated,3,GoalsAgainst,1923247,Dominican Republic,4,2024-10-17 03:19:42.866 Z,2024-10-23 03:17:22.470 Z,,42d17bb8ba5adcfa081b5504f3ca047b
288900,Group A,2024-10-23 01:02:23.000 Z,false,true,Eliminated,3,GoalsDifference,1923247,Dominican Republic,-3,2024-10-17 03:19:42.866 Z,2024-10-23 03:17:22.470 Z,,855de764799d0f8c1e9bcb4076ca9782
288900,Group A,2024-10-23 01:02:23.000 Z,false,true,Eliminated,3,GoalsFor,1923247,Dominican Republic,1,2024-10-17 03:19:42.866 Z,2024-10-23 03:17:22.470 Z,,ade7b98e7054a9cd89927f166941a22b
288900,Group A,2024-10-23 01:02:23.000 Z,false,true,Eliminated,3,MatchesDrawn,1923247,Dominican Republic,1,2024-10-17 03:19:42.866 Z,2024-10-23 03:17:22.470 Z,,ade7b98e7054a9cd89927f166941a22b
288900,Group A,2024-10-23 01:02:23.000 Z,false,true,Eliminated,3,MatchesLost,1923247,Dominican Republic,2,2024-10-17 03:19:42.866 Z,2024-10-23 03:17:22.470 Z,,a557e6286410064b769a70658681d6c4
288900,Group A,2024-10-23 01:02:23.000 Z,false,true,Eliminated,3,MatchesPlayed,1923247,Dominican Republic,3,2024-10-17 03:19:42.866 Z,2024-10-23 03:17:22.470 Z,,845dd343a2694db2a2b434844dcf1f14
288900,Group A,2024-10-23 01:02:23.000 Z,false,true,Eliminated,3,MatchesWon,1923247,Dominican Republic,0,2024-10-17 03:19:42.866 Z,2024-10-23 03:17:22.470 Z,,e73d94f61545786fb8654516134616af
288900,Group A,2024-10-23 01:02:23.000 Z,false,true,Eliminated,3,Points,1923247,Dominican Republic,1,2024-10-17 03:19:42.866 Z,2024-10-23 03:17:22.470 Z,,ade7b98e7054a9cd89927f166941a22b
288900,Group A,2024-10-23 01:02:23.000 Z,false,true,Eliminated,3,TeamConductScore,1923247,Dominican Republic,-3,2024-10-17 03:19:42.866 Z,2024-10-23 03:17:22.470 Z,,855de764799d0f8c1e9bcb4076ca9782
288903,Group B,2024-10-22 21:59:00.000 Z,false,true,Eliminated,4,GoalsAgainst,1914194,Korea Republic,11,2024-10-17 03:19:42.866 Z,2024-10-23 03:17:22.470 Z,,577a831de06408afda1eff42d88b1a8d
288903,Group B,2024-10-22 21:59:00.000 Z,false,true,Eliminated,4,GoalsDifference,1914194,Korea Republic,-10,2024-10-17 03:19:42.866 Z,2024-10-23 03:17:22.470 Z,,abdb12699bcc9bcc3a4a37b5c7f8b1da
288903,Group B,2024-10-22 21:59:00.000 Z,false,true,Eliminated,4,GoalsFor,1914194,Korea Republic,1,2024-10-17 03:19:42.866 Z,2024-10-23 03:17:22.470 Z,,2243cb6a7f34d29ce19fd7d8eb93b7f2
288903,Group B,2024-10-22 21:59:00.000 Z,false,true,Eliminated,4,MatchesDrawn,1914194,Korea Republic,1,2024-10-17 03:19:42.866 Z,2024-10-23 03:17:22.470 Z,,2243cb6a7f34d29ce19fd7d8eb93b7f2
288903,Group B,2024-10-22 21:59:00.000 Z,false,true,Eliminated,4,MatchesLost,1914194,Korea Republic,2,2024-10-17 03:19:42.866 Z,2024-10-23 03:17:22.470 Z,,438d2c49228c392d4ffede6672c9f496
288903,Group B,2024-10-22 21:59:00.000 Z,false,true,Eliminated,4,MatchesPlayed,1914194,Korea Republic,3,2024-10-17 03:19:42.866 Z,2024-10-23 03:17:22.470 Z,,1d8d36ffaddfbc71934ac6d183f6fd8e
288903,Group B,2024-10-22 21:59:00.000 Z,false,true,Eliminated,4,MatchesWon,1914194,Korea Republic,0,2024-10-17 03:19:42.866 Z,2024-10-23 03:17:22.470 Z,,2e090fbbce437921ae13a710b794abd0
288903,Group B,2024-10-22 21:59:00.000 Z,false,true,Eliminated,4,Points,1914194,Korea Republic,1,2024-10-17 03:19:42.866 Z,2024-10-23 03:17:22.470 Z,,2243cb6a7f34d29ce19fd7d8eb93b7f2
288903,Group B,2024-10-22 21:59:00.000 Z,false,true,Eliminated,4,TeamConductScore,1914194,Korea Republic,-2,2024-10-17 03:19:42.866 Z,2024-10-23 03:17:22.470 Z,,0a18f7cd13ac88ba9044c945f71f4102
288903,Group B,2024-10-22 21:59:00.000 Z,true,true,Qualified,1,GoalsAgainst,1914904,Spain,2,2024-10-17 03:19:42.866 Z,2024-10-23 03:17:22.470 Z,,5b877cebcdbab44e7e892ad6e6853172
288903,Group B,2024-10-22 21:59:00.000 Z,true,true,Qualified,1,GoalsDifference,1914904,Spain,8,2024-10-17 03:19:42.866 Z,2024-10-23 03:17:22.470 Z,,4f64bf1bf0a261171e334b488ec08cec
288903,Group B,2024-10-22 21:59:00.000 Z,true,true,Qualified,1,GoalsFor,1914904,Spain,10,2024-10-17 03:19:42.866 Z,2024-10-23 03:17:22.470 Z,,ee06ff2fdf7232a8d849f4c98b4f05e7
288903,Group B,2024-10-22 21:59:00.000 Z,true,true,Qualified,1,MatchesDrawn,1914904,Spain,0,2024-10-17 03:19:42.866 Z,2024-10-23 03:17:22.470 Z,,f5e802ff23f3c43bf16d8e1488fcca48
288903,Group B,2024-10-22 21:59:00.000 Z,true,true,Qualified,1,MatchesLost,1914904,Spain,0,2024-10-17 03:19:42.866 Z,2024-10-23 03:17:22.470 Z,,f5e802ff23f3c43bf16d8e1488fcca48
288903,Group B,2024-10-22 21:59:00.000 Z,true,true,Qualified,1,MatchesPlayed,1914904,Spain,3,2024-10-17 03:19:42.866 Z,2024-10-23 03:17:22.470 Z,,734c4b5fea58b37e99a12da995a4533a
288903,Group B,2024-10-22 21:59:00.000 Z,true,true,Qualified,1,MatchesWon,1914904,Spain,3,2024-10-17 03:19:42.866 Z,2024-10-23 03:17:22.470 Z,,734c4b5fea58b37e99a12da995a4533a
288903,Group B,2024-10-22 21:59:00.000 Z,true,true,Qualified,1,Points,1914904,Spain,9,2024-10-17 03:19:42.866 Z,2024-10-23 03:17:22.470 Z,,e23885ab8503bee1e149dd1e3ac1b3bd
288903,Group B,2024-10-22 21:59:00.000 Z,true,true,Qualified,1,TeamConductScore,1914904,Spain,-7,2024-10-17 03:19:42.866 Z,2024-10-23 03:17:22.470 Z,,f3c1825f8d050621b3eb27fb8946f389
288903,Group B,2024-10-22 21:59:00.000 Z,true,true,Eliminated,3,GoalsAgainst,1915196,Colombia,5,2024-10-17 03:19:42.866 Z,2024-10-23 03:17:22.470 Z,,a0de64696cd6a9b4a44069ce1735a81d
288903,Group B,2024-10-22 21:59:00.000 Z,true,true,Eliminated,3,GoalsDifference,1915196,Colombia,-3,2024-10-17 03:19:42.866 Z,2024-10-23 03:17:22.470 Z,,3f8dbb0765fb40b4910b967980ee63cd
288903,Group B,2024-10-22 21:59:00.000 Z,true,true,Eliminated,3,GoalsFor,1915196,Colombia,2,2024-10-17 03:19:42.866 Z,2024-10-23 03:17:22.470 Z,,b8b7a484343b25758ade54416c1676e2
288903,Group B,2024-10-22 21:59:00.000 Z,true,true,Eliminated,3,MatchesDrawn,1915196,Colombia,1,2024-10-17 03:19:42.866 Z,2024-10-23 03:17:22.470 Z,,cba77f7de597a039f39e94c12808c9bc
288903,Group B,2024-10-22 21:59:00.000 Z,true,true,Eliminated,3,MatchesLost,1915196,Colombia,2,2024-10-17 03:19:42.866 Z,2024-10-23 03:17:22.470 Z,,b8b7a484343b25758ade54416c1676e2
288903,Group B,2024-10-22 21:59:00.000 Z,true,true,Eliminated,3,MatchesPlayed,1915196,Colombia,3,2024-10-17 03:19:42.866 Z,2024-10-23 03:17:22.470 Z,,a33fcebb0679779f5b310838268b5dd8
288903,Group B,2024-10-22 21:59:00.000 Z,true,true,Eliminated,3,MatchesWon,1915196,Colombia,0,2024-10-17 03:19:42.866 Z,2024-10-23 03:17:22.470 Z,,f1021363380ea7148d91277f1f6326dc
288903,Group B,2024-10-22 21:59:00.000 Z,true,true,Eliminated,3,Points,1915196,Colombia,1,2024-10-17 03:19:42.866 Z,2024-10-23 03:17:22.470 Z,,cba77f7de597a039f39e94c12808c9bc
288903,Group B,2024-10-22 21:59:00.000 Z,true,true,Eliminated,3,TeamConductScore,1915196,Colombia,-11,2024-10-17 03:19:42.866 Z,2024-10-23 03:17:22.470 Z,,eb953c9ddf8a36e96858a36031a2febe
288903,Group B,2024-10-22 21:59:00.000 Z,false,true,Qualified,2,GoalsAgainst,1916472,USA,3,2024-10-17 03:19:42.866 Z,2024-10-23 03:17:22.470 Z,,e66b963dde7177630c346bceb063c6fd
288903,Group B,2024-10-22 21:59:00.000 Z,false,true,Qualified,2,GoalsDifference,1916472,USA,5,2024-10-17 03:19:42.866 Z,2024-10-23 03:17:22.470 Z,,24faea409291b4ad8e0b9d30d837aab2
288903,Group B,2024-10-22 21:59:00.000 Z,false,true,Qualified,2,GoalsFor,1916472,USA,8,2024-10-17 03:19:42.866 Z,2024-10-23 03:17:22.470 Z,,2ce3c5c63f11ae81d0e65d46a7221ea8
288903,Group B,2024-10-22 21:59:00.000 Z,false,true,Qualified,2,MatchesDrawn,1916472,USA,0,2024-10-17 03:19:42.866 Z,2024-10-23 03:17:22.470 Z,,56322dc6ba59544ad96fa72befa02eee
288903,Group B,2024-10-22 21:59:00.000 Z,false,true,Qualified,2,MatchesLost,1916472,USA,1,2024-10-17 03:19:42.866 Z,2024-10-23 03:17:22.470 Z,,792911b656db5b982de5a926a6145a6f
288903,Group B,2024-10-22 21:59:00.000 Z,false,true,Qualified,2,MatchesPlayed,1916472,USA,3,2024-10-17 03:19:42.866 Z,2024-10-23 03:17:22.470 Z,,e66b963dde7177630c346bceb063c6fd
288903,Group B,2024-10-22 21:59:00.000 Z,false,true,Qualified,2,MatchesWon,1916472,USA,2,2024-10-17 03:19:42.866 Z,2024-10-23 03:17:22.470 Z,,77aaa2479b71a1780cf46a11e8428742
288903,Group B,2024-10-22 21:59:00.000 Z,false,true,Qualified,2,Points,1916472,USA,6,2024-10-17 03:19:42.866 Z,2024-10-23 03:17:22.470 Z,,ba6fb7c10f0f60f929984f7d5c34a838
288903,Group B,2024-10-22 21:59:00.000 Z,false,true,Qualified,2,TeamConductScore,1916472,USA,-2,2024-10-17 03:19:42.866 Z,2024-10-23 03:17:22.470 Z,,6151c40307cd8645c687f9df2394ea4a
288901,Group C,2024-10-21 01:07:36.000 Z,false,true,Qualified,1,GoalsAgainst,1914188,Korea DPR,1,2024-10-18 03:20:42.031 Z,2024-10-21 03:24:59.082 Z,,650d2ee64d5e988b929984a487d21297
288901,Group C,2024-10-21 01:07:36.000 Z,false,true,Qualified,1,GoalsDifference,1914188,Korea DPR,6,2024-10-18 03:20:42.031 Z,2024-10-21 03:24:59.082 Z,,e97f3ca34ad5f1999da4cd9414d2575a
288901,Group C,2024-10-21 01:07:36.000 Z,false,true,Qualified,1,GoalsFor,1914188,Korea DPR,7,2024-10-18 03:20:42.031 Z,2024-10-21 03:24:59.082 Z,,533a077eadef14e586f2380227f36557
288901,Group C,2024-10-21 01:07:36.000 Z,false,true,Qualified,1,MatchesDrawn,1914188,Korea DPR,0,2024-10-18 03:20:42.031 Z,2024-10-21 03:24:59.082 Z,,5b7c1df02d3d12a3f57edbba02f29379
288901,Group C,2024-10-21 01:07:36.000 Z,false,true,Qualified,1,MatchesLost,1914188,Korea DPR,0,2024-10-18 03:20:42.031 Z,2024-10-21 03:24:59.082 Z,,5b7c1df02d3d12a3f57edbba02f29379
288901,Group C,2024-10-21 01:07:36.000 Z,false,true,Qualified,1,MatchesPlayed,1914188,Korea DPR,2,2024-10-18 03:20:42.031 Z,2024-10-21 03:24:59.082 Z,,7977861f27f53bd8bdb7de801b70d905
288901,Group C,2024-10-21 01:07:36.000 Z,false,true,Qualified,1,MatchesWon,1914188,Korea DPR,2,2024-10-18 03:20:42.031 Z,2024-10-21 03:24:59.082 Z,,7977861f27f53bd8bdb7de801b70d905
288901,Group C,2024-10-21 01:07:36.000 Z,false,true,Qualified,1,Points,1914188,Korea DPR,6,2024-10-18 03:20:42.031 Z,2024-10-21 03:24:59.082 Z,,e97f3ca34ad5f1999da4cd9414d2575a
288901,Group C,2024-10-21 01:07:36.000 Z,false,true,Qualified,1,TeamConductScore,1914188,Korea DPR,0,2024-10-18 03:20:42.031 Z,2024-10-21 03:24:59.082 Z,,5b7c1df02d3d12a3f57edbba02f29379
288901,Group C,2024-10-21 01:07:36.000 Z,false,true,Qualified,2,GoalsAgainst,1914927,England,2,2024-10-18 03:20:42.031 Z,2024-10-21 03:24:59.082 Z,,848c2e4801cf144c03214369fa19ba48
288901,Group C,2024-10-21 01:07:36.000 Z,false,true,Qualified,2,GoalsDifference,1914927,England,4,2024-10-18 03:20:42.031 Z,2024-10-21 03:24:59.082 Z,,f5680acd8304443db3a8bb6d012e55b1
288901,Group C,2024-10-21 01:07:36.000 Z,false,true,Qualified,2,GoalsFor,1914927,England,6,2024-10-18 03:20:42.031 Z,2024-10-21 03:24:59.082 Z,,9c4a0eac9c4fcb740c7ed018c2e4ec6f
288901,Group C,2024-10-21 01:07:36.000 Z,false,true,Qualified,2,MatchesDrawn,1914927,England,0,2024-10-18 03:20:42.031 Z,2024-10-21 03:24:59.082 Z,,2239e3753c67a5324e4df1123c73c5e9
288901,Group C,2024-10-21 01:07:36.000 Z,false,true,Qualified,2,MatchesLost,1914927,England,0,2024-10-18 03:20:42.031 Z,2024-10-21 03:24:59.082 Z,,2239e3753c67a5324e4df1123c73c5e9
288901,Group C,2024-10-21 01:07:36.000 Z,false,true,Qualified,2,MatchesPlayed,1914927,England,2,2024-10-18 03:20:42.031 Z,2024-10-21 03:24:59.082 Z,,848c2e4801cf144c03214369fa19ba48
288901,Group C,2024-10-21 01:07:36.000 Z,false,true,Qualified,2,MatchesWon,1914927,England,2,2024-10-18 03:20:42.031 Z,2024-10-21 03:24:59.082 Z,,848c2e4801cf144c03214369fa19ba48
288901,Group C,2024-10-21 01:07:36.000 Z,false,true,Qualified,2,Points,1914927,England,6,2024-10-18 03:20:42.031 Z,2024-10-21 03:24:59.082 Z,,9c4a0eac9c4fcb740c7ed018c2e4ec6f
288901,Group C,2024-10-21 01:07:36.000 Z,false,true,Qualified,2,TeamConductScore,1914927,England,-7,2024-10-18 03:20:42.031 Z,2024-10-21 03:24:59.082 Z,,96bc60e984de630a4d03b5150ed62da5
288901,Group C,2024-10-21 01:07:36.000 Z,false,true,Eliminated,3,GoalsAgainst,1916470,Mexico,8,2024-10-18 03:20:42.031 Z,2024-10-21 03:24:59.082 Z,,5f94999a287a88ef6d9d94516a71c945
288901,Group C,2024-10-21 01:07:36.000 Z,false,true,Eliminated,3,GoalsDifference,1916470,Mexico,-5,2024-10-18 03:20:42.031 Z,2024-10-21 03:24:59.082 Z,,e3a3e8eec4bc4d3a6e3217bca1e51973
288901,Group C,2024-10-21 01:07:36.000 Z,false,true,Eliminated,3,GoalsFor,1916470,Mexico,3,2024-10-18 03:20:42.031 Z,2024-10-21 03:24:59.082 Z,,ffc78090b22e3ddb15c013d9ebb5cd2a
288901,Group C,2024-10-21 01:07:36.000 Z,false,true,Eliminated,3,MatchesDrawn,1916470,Mexico,0,2024-10-18 03:20:42.031 Z,2024-10-21 03:24:59.082 Z,,bb21f64b02deed11b3f12dcd229cddf9
288901,Group C,2024-10-21 01:07:36.000 Z,false,true,Eliminated,3,MatchesLost,1916470,Mexico,2,2024-10-18 03:20:42.031 Z,2024-10-21 03:24:59.082 Z,,cef16f98d68fd5203482bd8e63457fc5
288901,Group C,2024-10-21 01:07:36.000 Z,false,true,Eliminated,3,MatchesPlayed,1916470,Mexico,2,2024-10-18 03:20:42.031 Z,2024-10-21 03:24:59.082 Z,,cef16f98d68fd5203482bd8e63457fc5
288901,Group C,2024-10-21 01:07:36.000 Z,false,true,Eliminated,3,MatchesWon,1916470,Mexico,0,2024-10-18 03:20:42.031 Z,2024-10-21 03:24:59.082 Z,,bb21f64b02deed11b3f12dcd229cddf9
288901,Group C,2024-10-21 01:07:36.000 Z,false,true,Eliminated,3,Points,1916470,Mexico,0,2024-10-18 03:20:42.031 Z,2024-10-21 03:24:59.082 Z,,bb21f64b02deed11b3f12dcd229cddf9
288901,Group C,2024-10-21 01:07:36.000 Z,false,true,Eliminated,3,TeamConductScore,1916470,Mexico,-2,2024-10-18 03:20:42.031 Z,2024-10-21 03:24:59.082 Z,,3e9adaa79f7efdfa3dd6597807fc5b3a
288901,Group C,2024-10-21 01:07:36.000 Z,false,true,Eliminated,4,GoalsAgainst,1924647,Kenya,5,2024-10-18 03:20:42.031 Z,2024-10-21 03:24:59.082 Z,,025a8128a47352bc18e3d2e6c97100d8
288901,Group C,2024-10-21 01:07:36.000 Z,false,true,Eliminated,4,GoalsDifference,1924647,Kenya,-5,2024-10-18 03:20:42.031 Z,2024-10-21 03:24:59.082 Z,,5e106474325a440dc8721c7ea35a7d68
288901,Group C,2024-10-21 01:07:36.000 Z,false,true,Eliminated,4,GoalsFor,1924647,Kenya,0,2024-10-18 03:20:42.031 Z,2024-10-21 03:24:59.082 Z,,59906015d4dca8fdf25b2340d7f7bf27
288901,Group C,2024-10-21 01:07:36.000 Z,false,true,Eliminated,4,MatchesDrawn,1924647,Kenya,0,2024-10-18 03:20:42.031 Z,2024-10-21 03:24:59.082 Z,,59906015d4dca8fdf25b2340d7f7bf27
288901,Group C,2024-10-21 01:07:36.000 Z,false,true,Eliminated,4,MatchesLost,1924647,Kenya,2,2024-10-18 03:20:42.031 Z,2024-10-21 03:24:59.082 Z,,326e1d1b07d85493e55b0ca95c1ef5ee
288901,Group C,2024-10-21 01:07:36.000 Z,false,true,Eliminated,4,MatchesPlayed,1924647,Kenya,2,2024-10-18 03:20:42.031 Z,2024-10-21 03:24:59.082 Z,,326e1d1b07d85493e55b0ca95c1ef5ee
288901,Group C,2024-10-21 01:07:36.000 Z,false,true,Eliminated,4,MatchesWon,1924647,Kenya,0,2024-10-18 03:20:42.031 Z,2024-10-21 03:24:59.082 Z,,59906015d4dca8fdf25b2340d7f7bf27
288901,Group C,2024-10-21 01:07:36.000 Z,false,true,Eliminated,4,Points,1924647,Kenya,0,2024-10-18 03:20:42.031 Z,2024-10-21 03:24:59.082 Z,,59906015d4dca8fdf25b2340d7f7bf27
288901,Group C,2024-10-21 01:07:36.000 Z,false,true,Eliminated,4,TeamConductScore,1924647,Kenya,-4,2024-10-18 03:20:42.031 Z,2024-10-21 03:24:59.082 Z,,a3a80407809c95055bbe370a151e440e
288902,Group D,2024-10-21 01:01:25.000 Z,false,true,CouldQualify,2,GoalsAgainst,1914191,Japan,1,2024-10-18 03:20:42.031 Z,2024-10-21 03:24:59.082 Z,,2d71178d39317333aaa23878c31b7193
288902,Group D,2024-10-21 01:01:25.000 Z,false,true,CouldQualify,2,GoalsDifference,1914191,Japan,1,2024-10-18 03:20:42.031 Z,2024-10-21 03:24:59.082 Z,,2d71178d39317333aaa23878c31b7193
288902,Group D,2024-10-21 01:01:25.000 Z,false,true,CouldQualify,2,GoalsFor,1914191,Japan,2,2024-10-18 03:20:42.031 Z,2024-10-21 03:24:59.082 Z,,c08ccb66f306cfb01cf730184da2004e
288902,Group D,2024-10-21 01:01:25.000 Z,false,true,CouldQualify,2,MatchesDrawn,1914191,Japan,1,2024-10-18 03:20:42.031 Z,2024-10-21 03:24:59.082 Z,,2d71178d39317333aaa23878c31b7193
288902,Group D,2024-10-21 01:01:25.000 Z,false,true,CouldQualify,2,MatchesLost,1914191,Japan,0,2024-10-18 03:20:42.031 Z,2024-10-21 03:24:59.082 Z,,7333aaabf19e7e32795e90b17a38e8a8
288902,Group D,2024-10-21 01:01:25.000 Z,false,true,CouldQualify,2,MatchesPlayed,1914191,Japan,2,2024-10-18 03:20:42.031 Z,2024-10-21 03:24:59.082 Z,,c08ccb66f306cfb01cf730184da2004e
288902,Group D,2024-10-21 01:01:25.000 Z,false,true,CouldQualify,2,MatchesWon,1914191,Japan,1,2024-10-18 03:20:42.031 Z,2024-10-21 03:24:59.082 Z,,2d71178d39317333aaa23878c31b7193
288902,Group D,2024-10-21 01:01:25.000 Z,false,true,CouldQualify,2,Points,1914191,Japan,4,2024-10-18 03:20:42.031 Z,2024-10-21 03:24:59.082 Z,,f29c6668fdd7532edc6e1942e1b28cb2
288902,Group D,2024-10-21 01:01:25.000 Z,false,true,CouldQualify,2,TeamConductScore,1914191,Japan,-1,2024-10-18 03:20:42.031 Z,2024-10-21 03:24:59.082 Z,,883541503acdaf7764452d5400c6deaf
288902,Group D,2024-10-21 01:01:25.000 Z,false,true,CouldQualify,1,GoalsAgainst,1914796,Poland,0,2024-10-18 03:20:42.031 Z,2024-10-21 03:24:59.082 Z,,3a97104bb0f031cd2939711aa7d56119
288902,Group D,2024-10-21 01:01:25.000 Z,false,true,CouldQualify,1,GoalsDifference,1914796,Poland,2,2024-10-18 03:20:42.031 Z,2024-10-21 03:24:59.082 Z,,4cc82ee82110b8f4630bd36fce44807f
288902,Group D,2024-10-21 01:01:25.000 Z,false,true,CouldQualify,1,GoalsFor,1914796,Poland,2,2024-10-18 03:20:42.031 Z,2024-10-21 03:24:59.082 Z,,4cc82ee82110b8f4630bd36fce44807f
288902,Group D,2024-10-21 01:01:25.000 Z,false,true,CouldQualify,1,MatchesDrawn,1914796,Poland,1,2024-10-18 03:20:42.031 Z,2024-10-21 03:24:59.082 Z,,a21e30a9989a101a94c8b441f3fcc228
288902,Group D,2024-10-21 01:01:25.000 Z,false,true,CouldQualify,1,MatchesLost,1914796,Poland,0,2024-10-18 03:20:42.031 Z,2024-10-21 03:24:59.082 Z,,3a97104bb0f031cd2939711aa7d56119
288902,Group D,2024-10-21 01:01:25.000 Z,false,true,CouldQualify,1,MatchesPlayed,1914796,Poland,2,2024-10-18 03:20:42.031 Z,2024-10-21 03:24:59.082 Z,,4cc82ee82110b8f4630bd36fce44807f
288902,Group D,2024-10-21 01:01:25.000 Z,false,true,CouldQualify,1,MatchesWon,1914796,Poland,1,2024-10-18 03:20:42.031 Z,2024-10-21 03:24:59.082 Z,,a21e30a9989a101a94c8b441f3fcc228
288902,Group D,2024-10-21 01:01:25.000 Z,false,true,CouldQualify,1,Points,1914796,Poland,4,2024-10-18 03:20:42.031 Z,2024-10-21 03:24:59.082 Z,,9205d0c9e8351314e2f92048e2090fef
288902,Group D,2024-10-21 01:01:25.000 Z,false,true,CouldQualify,1,TeamConductScore,1914796,Poland,-1,2024-10-18 03:20:42.031 Z,2024-10-21 03:24:59.082 Z,,32f3a7a016f384781696e736c0dbf12b
288902,Group D,2024-10-21 01:01:25.000 Z,false,true,CouldQualify,3,GoalsAgainst,1915201,Brazil,2,2024-10-18 03:20:42.031 Z,2024-10-21 03:24:59.082 Z,,49e7f2a0852681257c91375b23ccbf83
288902,Group D,2024-10-21 01:01:25.000 Z,false,true,CouldQualify,3,GoalsDifference,1915201,Brazil,0,2024-10-18 03:20:42.031 Z,2024-10-21 03:24:59.082 Z,,ff1082d473f9fa56d5bfecb5b4252196
288902,Group D,2024-10-21 01:01:25.000 Z,false,true,CouldQualify,3,GoalsFor,1915201,Brazil,2,2024-10-18 03:20:42.031 Z,2024-10-21 03:24:59.082 Z,,49e7f2a0852681257c91375b23ccbf83
288902,Group D,2024-10-21 01:01:25.000 Z,false,true,CouldQualify,3,MatchesDrawn,1915201,Brazil,0,2024-10-18 03:20:42.031 Z,2024-10-21 03:24:59.082 Z,,ff1082d473f9fa56d5bfecb5b4252196
288902,Group D,2024-10-21 01:01:25.000 Z,false,true,CouldQualify,3,MatchesLost,1915201,Brazil,1,2024-10-18 03:20:42.031 Z,2024-10-21 03:24:59.082 Z,,274c0ca1c3a10ed534b119d5c1c18674
288902,Group D,2024-10-21 01:01:25.000 Z,false,true,CouldQualify,3,MatchesPlayed,1915201,Brazil,2,2024-10-18 03:20:42.031 Z,2024-10-21 03:24:59.082 Z,,49e7f2a0852681257c91375b23ccbf83
288902,Group D,2024-10-21 01:01:25.000 Z,false,true,CouldQualify,3,MatchesWon,1915201,Brazil,1,2024-10-18 03:20:42.031 Z,2024-10-21 03:24:59.082 Z,,274c0ca1c3a10ed534b119d5c1c18674
288902,Group D,2024-10-21 01:01:25.000 Z,false,true,CouldQualify,3,Points,1915201,Brazil,3,2024-10-18 03:20:42.031 Z,2024-10-21 03:24:59.082 Z,,347c94c40e4e80cdd474c85ae53a2205
288902,Group D,2024-10-21 01:01:25.000 Z,false,true,CouldQualify,3,TeamConductScore,1915201,Brazil,-4,2024-10-18 03:20:42.031 Z,2024-10-21 03:24:59.082 Z,,d30ee6fa6d289af63edc7326f19ccdb6
288902,Group D,2024-10-21 01:01:25.000 Z,false,true,Eliminated,4,GoalsAgainst,1915239,Zambia,3,2024-10-18 03:20:42.031 Z,2024-10-21 03:24:59.082 Z,,b97f6a56bd39ce92b33c6ea8e4eb830e
288902,Group D,2024-10-21 01:01:25.000 Z,false,true,Eliminated,4,GoalsDifference,1915239,Zambia,-3,2024-10-18 03:20:42.031 Z,2024-10-21 03:24:59.082 Z,,804ad64d8750ac4c429914fb1771b869
288902,Group D,2024-10-21 01:01:25.000 Z,false,true,Eliminated,4,GoalsFor,1915239,Zambia,0,2024-10-18 03:20:42.031 Z,2024-10-21 03:24:59.082 Z,,862d718e091eca23d264d34dff86d9af
288902,Group D,2024-10-21 01:01:25.000 Z,false,true,Eliminated,4,MatchesDrawn,1915239,Zambia,0,2024-10-18 03:20:42.031 Z,2024-10-21 03:24:59.082 Z,,862d718e091eca23d264d34dff86d9af
288902,Group D,2024-10-21 01:01:25.000 Z,false,true,Eliminated,4,MatchesLost,1915239,Zambia,2,2024-10-18 03:20:42.031 Z,2024-10-21 03:24:59.082 Z,,c3850ff48a4d60d4f7c54b0b66da5934
288902,Group D,2024-10-21 01:01:25.000 Z,false,true,Eliminated,4,MatchesPlayed,1915239,Zambia,2,2024-10-18 03:20:42.031 Z,2024-10-21 03:24:59.082 Z,,c3850ff48a4d60d4f7c54b0b66da5934
288902,Group D,2024-10-21 01:01:25.000 Z,false,true,Eliminated,4,MatchesWon,1915239,Zambia,0,2024-10-18 03:20:42.031 Z,2024-10-21 03:24:59.082 Z,,862d718e091eca23d264d34dff86d9af
288902,Group D,2024-10-21 01:01:25.000 Z,false,true,Eliminated,4,Points,1915239,Zambia,0,2024-10-18 03:20:42.031 Z,2024-10-21 03:24:59.082 Z,,862d718e091eca23d264d34dff86d9af
288902,Group D,2024-10-21 01:01:25.000 Z,false,true,Eliminated,4,TeamConductScore,1915239,Zambia,-2,2024-10-18 03:20:42.031 Z,2024-10-21 03:24:59.082 Z,,2900eccbf740ae8de8fe49dd2b81e52d
